metric,count,mean,median,std
cbo,1471,3.868117,3.0,4.187966
dit,1471,1.46431,1.0,1.050389
lcom,1471,12.961251,0.0,130.539318
